{
  "Ec0": 0.0,
  "Eg": 1.7944378300800001e-19,
  "Ev0": -1.7944378300800001e-19,
  "F0": 0.0,
  "Fn_range_J": [
    0.0,
    0.0
  ],
  "Fp_range_J": [
    0.0,
    0.0
  ],
  "NA_m3": 1e+23,
  "ND_m3": 1e+23,
  "Nc": 2.8e+25,
  "Nv": 1.04e+25,
  "T": 300.0,
  "eps0": 8.8541878128e-12,
  "eps_si": 1.0359399740976e-10,
  "exponential_clip": 80.0,
  "junction_width_m": 2e-08,
  "kB": 1.380649e-23,
  "length_m": 2e-06,
  "mu_n": 0.135,
  "mu_p": 0.048,
  "newton_atol": 1e-10,
  "newton_max_it": 50,
  "newton_relaxation": 0.6,
  "newton_rtol": 1e-08,
  "num_cells": 400,
  "output_dir": "/Users/krishnaa/Documents/programming/python/industry/physics/dolfinx/results",
  "phi_left_V": -0.9999332074672742,
  "phi_right_V": -0.14567057961774063,
  "q": 1.602176634e-19
}
